Player,Team,Position,Age,KTC Trade Value,KTC_normalized
Justin Jefferson,MIN,WR,25,9999,100
CeeDee Lamb,DAL,WR,25,9997,99
Ja'Marr Chase,CIN,WR,24,9974,99
Bijan Robinson,ATL,RB,22,9522,95
Amon-Ra St. Brown,DET,WR,24,9415,94
Marvin Harrison Jr.,ARI,WR,21,8914,89
Breece Hall,NYJ,RB,23,8781,87
Jahmyr Gibbs,DET,RB,22,8336,83
Puka Nacua,LAR,WR,23,8063,80
Christian McCaffrey,SFO,RB,28,8045,80
Garrett Wilson,NYJ,WR,24,7918,79
Josh Allen,BUF,QB,28,7826,78
A.J. Brown,PHI,WR,27,7826,78
Sam LaPorta,DET,TE,23,7806,77
Patrick Mahomes,KCC,QB,28,7727,77
Malik Nabers,NYG,WR,20,7606,75
2024 Early 1st,FA,PICK,,7252,72
Tyreek Hill,MIA,WR,30,7117,71
Chris Olave,NOS,WR,24,7095,70
Jaylen Waddle,MIA,WR,25,7080,70
Drake London,ATL,WR,23,7035,70
Jonathan Taylor,IND,RB,25,6987,69
C.J. Stroud,HOU,QB,22,6910,68
Rome Odunze,CHI,WR,22,6753,67
2025 Early 1st,FA,PICK,,6743,67
Brandon Aiyuk,SFO,WR,26,6743,67
Nico Collins,HOU,WR,25,6736,67
Jalen Hurts,PHI,QB,25,6715,66
Lamar Jackson,BAL,QB,27,6695,66
DeVonta Smith,PHI,WR,25,6659,66
De'Von Achane,MIA,RB,22,6543,65
Travis Etienne,JAC,RB,25,6504,64
Anthony Richardson,IND,QB,22,6501,64
Trey McBride,ARI,TE,24,6443,64
Dalton Kincaid,BUF,TE,24,6424,64
DK Metcalf,SEA,WR,26,6397,63
Brock Bowers,LVR,TE,21,6252,62
2024 Mid 1st,FA,PICK,,6223,62
Kyren Williams,LAR,RB,23,6207,61
Joe Burrow,CIN,QB,27,6201,61
Saquon Barkley,PHI,RB,27,6198,61
Michael Pittman,IND,WR,26,6185,61
Tank Dell,HOU,WR,24,6183,61
D.J. Moore,CHI,WR,27,6166,61
Zay Flowers,BAL,WR,23,6149,61
Jonathon Brooks,CAR,RB,21,6082,60
Tee Higgins,CIN,WR,25,6071,60
George Pickens,PIT,WR,23,6044,60
Kyle Pitts,ATL,TE,23,6002,59
Jaxon Smith-Njigba,SEA,WR,22,5992,59
Caleb Williams,CHI,QB,22,5951,59
2026 Early 1st,FA,PICK,,5946,59
Jordan Addison,MIN,WR,22,5913,58
Kenneth Walker III,SEA,RB,23,5862,58
2025 Mid 1st,FA,PICK,,5826,58
Mark Andrews,BAL,TE,28,5818,57
Jordan Love,GBP,QB,25,5804,57
Justin Herbert,LAC,QB,26,5803,57
Isiah Pacheco,KCC,RB,25,5798,57
Brian Thomas Jr.,JAC,WR,21,5683,56
Ladd McConkey,LAC,WR,22,5642,56
Xavier Worthy,KCC,WR,21,5633,56
James Cook,BUF,RB,24,5620,55
Kyler Murray,ARI,QB,26,5525,55
2024 Late 1st,FA,PICK,,5494,54
Rachaad White,TBB,RB,25,5463,54
Jayden Daniels,WAS,QB,23,5451,54
Deebo Samuel,SFO,WR,28,5437,54
Jayden Reed,GBP,WR,24,5355,53
2025 Late 1st,FA,PICK,,5323,52
2026 Mid 1st,FA,PICK,,5302,52
T.J. Hockenson,MIN,TE,27,5256,52
Trey Benson,ARI,RB,22,5198,51
Josh Jacobs,GBP,RB,26,5160,51
Rashee Rice,KCC,WR,24,5148,51
Keon Coleman,BUF,WR,21,5120,50
Mike Evans,TBB,WR,30,5050,50
Davante Adams,LVR,WR,31,4998,49
Travis Kelce,KCC,TE,34,4925,48
Rhamondre Stevenson,NEP,RB,26,4846,48
Trevor Lawrence,JAC,QB,24,4789,47
Christian Kirk,JAC,WR,27,4770,47
2026 Late 1st,FA,PICK,,4729,46
Cooper Kupp,LAR,WR,31,4710,46
Ricky Pearsall,SFO,WR,23,4653,46
Amari Cooper,CLE,WR,30,4651,46
Derrick Henry,BAL,RB,30,4621,45
Christian Watson,GBP,WR,25,4548,45
Zamir White,LVR,RB,24,4545,45
Terry McLaurin,WAS,WR,28,4537,45
Brock Purdy,SFO,QB,24,4520,44
D'Andre Swift,CHI,RB,25,4505,44
2024 Early 2nd,FA,PICK,,4420,43
Joe Mixon,HOU,RB,28,4409,43
Tyjae Spears,TEN,RB,23,4367,43
David Montgomery,DET,RB,27,4360,43
Tua Tagovailoa,MIA,QB,26,4357,43
Chris Godwin,TBB,WR,28,4357,43
Stefon Diggs,HOU,WR,30,4346,43
Dak Prescott,DAL,QB,30,4336,43
George Kittle,SFO,TE,30,4305,42
Evan Engram,JAC,TE,29,4285,42
Najee Harris,PIT,RB,26,4279,42
Adonai Mitchell,IND,WR,21,4269,42
Xavier Legette,CAR,WR,23,4264,42
Marquise Brown,KCC,WR,27,4263,42
Diontae Johnson,CAR,WR,28,4226,41
Jaylen Warren,PIT,RB,25,4217,41
Blake Corum,LAR,RB,23,4155,41
Jake Ferguson,DAL,TE,25,4123,40
Calvin Ridley,TEN,WR,29,4093,40
2025 Early 2nd,FA,PICK,,4076,40
Brian Robinson,WAS,RB,25,4065,40
Alvin Kamara,NOS,RB,29,4055,40
Jameson Williams,DET,WR,23,4013,39
Kendre Miller,NOS,RB,22,4005,39
David Njoku,CLE,TE,28,3977,39
Zach Charbonnet,SEA,RB,23,3964,39
2024 Mid 2nd,FA,PICK,,3931,38
Ja'Lynn Polk,NEP,WR,22,3918,38
MarShawn Lloyd,GBP,RB,23,3881,38
Drake Maye,NEP,QB,21,3826,37
Jared Goff,DET,QB,29,3821,37
Tony Pollard,TEN,RB,27,3812,37
Javonte Williams,DEN,RB,24,3811,37
Romeo Doubs,GBP,WR,24,3772,37
Josh Downs,IND,WR,22,3743,37
Jaylen Wright,MIA,RB,21,3723,36
Dontayvion Wicks,GBP,WR,23,3715,36
Keenan Allen,CHI,WR,32,3661,36
Zack Moss,CIN,RB,26,3631,35
2025 Mid 2nd,FA,PICK,,3613,35
Troy Franklin,DEN,WR,21,3602,35
J.J. McCarthy,MIN,QB,21,3595,35
2024 Late 2nd,FA,PICK,,3587,35
Jahan Dotson,WAS,WR,24,3575,35
Roman Wilson,PIT,WR,23,3573,35
Pat Freiermuth,PIT,TE,25,3558,35
Aaron Jones,MIN,RB,29,3555,35
Jermaine Burton,CIN,WR,23,3548,35
Chase Brown,CIN,RB,24,3529,34
Khalil Shakir,BUF,WR,24,3513,34
Bryce Young,CAR,QB,23,3507,34
Jerome Ford,CLE,RB,24,3489,34
2026 Early 2nd,FA,PICK,,3478,34
Ben Sinnott,WAS,TE,22,3426,33
James Conner,ARI,RB,29,3377,33
Jerry Jeudy,CLE,WR,25,3354,33
Nick Chubb,CLE,RB,28,3352,33
Devin Singletary,NYG,RB,26,3345,33
Cole Kmet,CHI,TE,25,3327,32
2026 Mid 2nd,FA,PICK,,3298,32
Luke Musgrave,GBP,TE,23,3291,32
Courtland Sutton,DEN,WR,28,3285,32
2025 Late 2nd,FA,PICK,,3273,32
Isaiah Likely,BAL,TE,24,3271,32
Rashid Shaheed,NOS,WR,25,3257,32
Dalton Schultz,HOU,TE,28,3256,32
Jakobi Meyers,LVR,WR,27,3205,31
Demario Douglas,NEP,WR,23,3197,31
Dallas Goedert,PHI,TE,29,3174,31
Raheem Mostert,MIA,RB,32,3139,31
Josh Palmer,LAC,WR,24,3134,30
Jaleel McLaughlin,DEN,RB,23,3056,30
Quentin Johnston,LAC,WR,22,3054,30
DeAndre Hopkins,TEN,WR,32,3045,30
Will Levis,TEN,QB,25,3011,29
Javon Baker,NEP,WR,22,3002,29
Michael Wilson,ARI,WR,24,2940,29
Malachi Corley,NYJ,WR,22,2936,28
Michael Penix Jr.,ATL,QB,24,2916,28
Curtis Samuel,BUF,WR,27,2904,28
Kirk Cousins,ATL,QB,35,2890,28
Jalen McMillan,TBB,WR,22,2874,28
Kimani Vidal,LAC,RB,22,2861,28
Marvin Mims,DEN,WR,22,2858,28
2026 Late 2nd,FA,PICK,,2850,28
Keaton Mitchell,BAL,RB,22,2837,27
Gus Edwards,LAC,RB,29,2815,27
Bo Nix,DEN,QB,24,2784,27
Deshaun Watson,CLE,QB,28,2776,27
Michael Mayer,LVR,TE,23,2772,27
Luke McCaffrey,WAS,WR,23,2765,27
Roschon Johnson,CHI,RB,23,2730,26
Bucky Irving,TBB,RB,21,2721,26
Gabriel Davis,JAC,WR,25,2714,26
Matthew Stafford,LAR,QB,36,2698,26
Baker Mayfield,TBB,QB,29,2697,26
Audric Estime,DEN,RB,20,2695,26
Tyler Lockett,SEA,WR,31,2682,26
Braelon Allen,NYJ,RB,20,2676,26
Austin Ekeler,WAS,RB,29,2652,26
2024 Early 3rd,FA,PICK,,2632,25
Wan'Dale Robinson,NYG,WR,23,2621,25
J.K. Dobbins,LAC,RB,25,2572,25
Rashod Bateman,BAL,WR,24,2557,25
Tyler Allgeier,ATL,RB,24,2521,24
Tucker Kraft,GBP,TE,23,2512,24
Ray Davis,BUF,RB,24,2496,24
Jalin Hyatt,NYG,WR,22,2490,24
Ja'Tavion Sanders,CAR,TE,21,2482,24
Justin Fields,PIT,QB,25,2481,24
2024 Mid 3rd,FA,PICK,,2458,24
Rico Dowdle,DAL,RB,26,2443,24
Tyrone Tracy,NYG,RB,24,2443,24
2025 Early 3rd,FA,PICK,,2410,23
Ty Chandler,MIN,RB,26,2373,23
Mike Williams,NYJ,WR,29,2363,23
Will Shipley,PHI,RB,21,2336,22
Antonio Gibson,NEP,RB,26,2318,22
Darnell Mooney,ATL,WR,26,2291,22
Chigoziem Okonkwo,TEN,TE,24,2254,22
Cade Otton,TBB,TE,25,2222,21
Dameon Pierce,HOU,RB,24,2213,21
Khalil Herbert,CHI,RB,26,2210,21
Ezekiel Elliott,DAL,RB,29,2210,21
Tank Bigsby,JAC,RB,22,2190,21
2024 Late 3rd,FA,PICK,,2187,21
2025 Mid 3rd,FA,PICK,,2179,21
Aaron Rodgers,NYJ,QB,40,2162,21
Greg Dulcich,DEN,TE,24,2158,21
Chuba Hubbard,CAR,RB,25,2143,20
Rondale Moore,ATL,WR,24,2081,20
Devontez Walker,BAL,WR,23,2078,20
Daniel Bellinger,NYG,TE,23,2042,19
Brenden Rice,LAC,WR,22,2039,19
Brandin Cooks,DAL,WR,30,2037,19
Noah Fant,SEA,TE,26,2028,19
Malik Washington,MIA,WR,23,2014,19
2026 Early 3rd,FA,PICK,,2010,19
Elijah Mitchell,SFO,RB,26,1969,19
Trey Palmer,TBB,WR,23,1967,19
Elijah Moore,CLE,WR,24,1964,19
Jonathan Mingo,CAR,WR,23,1961,19
Isaac Guerendo,SFO,RB,24,1957,19
Daniel Jones,NYG,QB,27,1950,19
2025 Late 3rd,FA,PICK,,1892,18
2026 Mid 3rd,FA,PICK,,1884,18
Geno Smith,SEA,QB,33,1840,17
Theo Johnson,NYG,TE,23,1835,17
Rasheen Ali,BAL,RB,23,1816,17
Treylon Burks,TEN,WR,24,1815,17
Hunter Henry,NEP,TE,29,1792,17
Dylan Laube,LVR,RB,24,1785,17
A.T. Perry,NOS,WR,24,1771,17
2026 Late 3rd,FA,PICK,,1740,16
Tyler Boyd,TEN,WR,29,1706,16
Jelani Woods,IND,TE,25,1705,16
Russell Wilson,PIT,QB,35,1703,16
Dawson Knox,BUF,TE,27,1694,16
Greg Dortch,ARI,WR,26,1673,16
2024 Early 4th,FA,PICK,,1667,16
Adam Thielen,CAR,WR,33,1648,16
Zay Jones,ARI,WR,29,1648,16
Cedric Tillman,CLE,WR,24,1644,15
Xavier Gipson,NYJ,WR,23,1608,15
Kendrick Bourne,NEP,WR,28,1595,15
John Metchie,HOU,WR,24,1586,15
Derek Carr,NOS,QB,33,1581,15
Erick All,CIN,TE,23,1579,15
Evan Hull,IND,RB,23,1579,15
Luke Schoonmaker,DAL,TE,25,1572,15
Chris Rodriguez,WAS,RB,23,1570,15
Parker Washington,JAC,WR,22,1556,15
Tre Tucker,LVR,WR,23,1555,15
Sam Howell,SEA,QB,23,1551,15
Bo Melton,GBP,WR,25,1548,15
Jacob Cowing,SFO,WR,23,1543,14
2024 Mid 4th,FA,PICK,,1542,14
Alexander Mattison,LVR,RB,26,1537,14
Alec Pierce,IND,WR,24,1519,14
Jalen Tolbert,DAL,WR,25,1514,14
D.J. Chark,LAC,WR,27,1514,14
Cade Stover,HOU,TE,24,1512,14
Spencer Rattler,NOS,QB,23,1510,14
Juwan Johnson,NOS,TE,27,1504,14
Tutu Atwell,LAR,WR,24,1503,14
Gardner Minshew,LVR,QB,28,1501,14
AJ Dillon,GBP,RB,26,1500,14
Clyde Edwards-Helaire,KCC,RB,25,1493,14
Jared Wiley,KCC,TE,23,1489,14
2025 Early 4th,FA,PICK,,1481,14
Frank Gore Jr.,BUF,RB,22,1479,14
K.J. Osborn,NEP,WR,27,1477,14
Calvin Austin III,PIT,WR,25,1463,14
D'Onta Foreman,CLE,RB,28,1437,13
Darius Slayton,NYG,WR,27,1436,13
Trey Sermon,IND,RB,25,1426,13
2024 Late 4th,FA,PICK,,1426,13
Eric Gray,NYG,RB,24,1422,13
Jauan Jennings,SFO,WR,27,1420,13
Tyler Conklin,NYJ,TE,28,1417,13
Deuce Vaughn,DAL,RB,22,1412,13
2025 Mid 4th,FA,PICK,,1401,13
Kenneth Gainwell,PHI,RB,25,1394,13
Mike Gesicki,CIN,TE,28,1383,13
Andrei Iosivas,CIN,WR,24,1383,13
Colby Parkinson,LAR,TE,25,1372,13
Jonnu Smith,MIA,TE,28,1366,13
Aidan O'Connell,LVR,QB,25,1364,13
2026 Early 4th,FA,PICK,,1360,13
Demarcus Robinson,LAR,WR,29,1319,12
Johnny Wilson,PHI,WR,23,1315,12
Noah Gray,KCC,TE,25,1312,12
2025 Late 4th,FA,PICK,,1306,12
Sam Darnold,MIN,QB,27,1296,12
Darnell Washington,PIT,TE,22,1288,12
Dillon Johnson,TEN,RB,23,1280,12
Israel Abanikanda,NYJ,RB,21,1276,12
Josh Reynolds,DEN,WR,29,1268,12
Ainias Smith,PHI,WR,23,1266,12
Brevin Jordan,HOU,TE,24,1261,12
Bub Means,NOS,WR,23,1251,12
2026 Mid 4th,FA,PICK,,1237,11
Miles Sanders,CAR,RB,27,1232,11
Skyy Moore,KCC,WR,23,1231,11
Sean Tucker,TBB,RB,22,1227,11
Taysom Hill,NOS,QB,33,1221,11
Justice Hill,BAL,RB,26,1214,11
Noah Brown,HOU,WR,27,1211,11
Kayshon Boutte,NEP,WR,22,1197,11
Isaiah Davis,NYJ,RB,22,1184,11
Jamari Thrash,CLE,WR,23,1176,11
Tyler Higbee,LAR,TE,31,1159,11
Tyquan Thornton,NEP,WR,23,1157,11
Isaiah Spiller,LAC,RB,22,1148,10
DeWayne McBride,MIN,RB,23,1140,10
Michael Gallup,LVR,WR,28,1131,10
Chris Evans,CIN,RB,26,1106,10
Zach Evans,LAR,RB,23,1103,10
Chase Claypool,BUF,WR,26,1100,10
Xavier Hutchinson,HOU,WR,24,1098,10
Blake Watson,DEN,RB,24,1070,10
Mecole Hardman,KCC,WR,26,1069,10
Donovan Peoples-Jones,DET,WR,25,1040,9
Tahj Washington,MIA,WR,23,1026,9
Sione Vaki,DET,RB,22,1021,9
Donald Parham,LAC,TE,26,1019,9
Louis Rees-Zammit,KCC,RB,23,1019,9
David Bell,CLE,WR,23,1017,9
2026 Late 4th,FA,PICK,,997,9
Davis Allen,LAR,TE,23,993,9
Trey Lance,DAL,QB,24,985,9
Hayden Hurst,LAC,TE,30,968,9
Tyler Scott,CHI,WR,22,961,9
Keaontay Ingram,KCC,RB,24,945,8
Isaiah Hodgins,NYG,WR,25,943,8
Malik Davis,DAL,RB,25,940,8
JuJu Smith-Schuster,NEP,WR,27,935,8
Jase McClellan,ATL,RB,22,901,8
Michael Carter,ARI,RB,25,901,8
Irv Smith,KCC,TE,25,889,8
KJ Hamler,BUF,WR,25,869,8
Marquez Valdes-Scantling,BUF,WR,29,864,8
Derius Davis,LAC,WR,23,863,8
Van Jefferson,PIT,WR,27,858,8
Justin Shorter,BUF,WR,24,856,8
Terrace Marshall,CAR,WR,24,854,8
Jordan Mason,SFO,RB,25,849,7
Dyami Brown,WAS,WR,24,849,7
Brenton Strange,JAC,TE,23,826,7
Gerald Everett,CHI,TE,30,812,7
Jacoby Brissett,NEP,QB,31,782,7
Ryan Flournoy,DAL,WR,24,781,7
Cole Turner,WAS,TE,24,779,7
Tommy Tremble,CAR,TE,24,774,7
Kadarius Toney,KCC,WR,25,773,7
Emari Demercado,ARI,RB,25,769,7
Samaje Perine,DEN,RB,28,768,7
Ronnie Bell,SFO,WR,24,768,7
Pierre Strong Jr.,CLE,RB,25,761,7
Jamaal Williams,NOS,RB,29,758,7
Kyle Philips,TEN,WR,25,755,7
Tyrion Davis-Price,PHI,RB,23,753,7
Jake Bobo,SEA,WR,25,748,6
Jeremy Ruckert,NYJ,TE,23,728,6
Ty Johnson,BUF,RB,26,719,6
Devin Duvernay,JAC,WR,26,716,6
Jordan Travis,NYJ,QB,24,713,6
Denzel Mims,JAC,WR,26,709,6
Zonovan Knight,DET,RB,23,707,6
Will Dissly,LAC,TE,28,706,6
Justyn Ross,KCC,WR,24,704,6
Zach Ertz,WAS,TE,33,695,6
Kenny McIntosh,SEA,RB,24,694,6
Deneric Prince,KCC,RB,24,688,6
Rakim Jarrett,TBB,WR,23,688,6
Cameron Latu,SFO,TE,24,687,6
Trayveon Williams,CIN,RB,26,685,6
Charlie Jones,CIN,WR,25,682,6
Laviska Shenault,SEA,WR,25,681,6
Jawhar Jordan,HOU,RB,24,673,6
Tyler Johnson,LAR,WR,25,672,6
Drew Lock,NYG,QB,27,648,5
Joshua Kelley,LAC,RB,26,645,5
Kalif Raymond,DET,WR,29,643,5
Allen Lazard,NYJ,WR,28,638,5
Parris Campbell,PHI,WR,27,636,5
Hendon Hooker,DET,QB,26,635,5
D'Ernest Johnson,JAC,RB,28,634,5
Adam Trautman,DEN,TE,27,632,5
Elijah Higgins,ARI,TE,23,630,5
Kylen Granson,IND,TE,26,626,5
Kenny Pickett,PHI,QB,26,625,5
Jalen Guyton,LVR,WR,27,625,5
Kevin Harris,NEP,RB,23,624,5
Foster Moreau,NOS,TE,27,621,5
Quez Watkins,PIT,WR,26,611,5
Jake Browning,CIN,QB,28,609,5
Jeffery Wilson,MIA,RB,28,608,5
Hassan Haskins,TEN,RB,24,603,5
AJ Barner,SEA,TE,22,600,5
Justin Watson,KCC,WR,29,591,5
Cedrick Wilson,NOS,WR,28,589,5
Tim Patrick,DEN,WR,30,584,5
Anthony Schwartz,MIA,WR,23,570,5
Marquez Callaway,PIT,WR,26,564,5
Emanuel Wilson,GBP,RB,25,556,5
Albert Okwuegbunam,PHI,TE,26,554,5
Jameis Winston,CLE,QB,30,553,4
Nyheim Hines,CLE,RB,27,551,4
Tip Reiman,ARI,TE,22,548,4
Jalen Nailor,MIN,WR,25,537,4
Malik Heath,GBP,WR,24,535,4
Peyton Hendershot,DAL,TE,25,534,4
Chase Edmonds,TBB,RB,28,526,4
Brandon Powell,MIN,WR,27,503,4
Dorian Thompson-Robinson,CLE,QB,24,494,4
Will Mallory,IND,TE,25,489,4
Hunter Renfrow,FA,WR,28,487,4
Nick Westbrook-Ikhine,TEN,WR,27,479,4
Ronnie Rivers,LAR,RB,25,477,4
Jason Brownlee,NYJ,WR,25,469,4
Rashaad Penny,CAR,RB,28,465,4
Brock Wright,DET,TE,25,464,4
Erik Ezukanma,MIA,WR,24,454,4
Chris Brooks,MIA,RB,24,451,3
Tyler Badie,DEN,RB,24,450,3
Deonte Harty,BAL,WR,26,450,3
Tylan Wallace,BAL,WR,25,444,3
Mo Alie-Cox,IND,TE,30,442,3
Scotty Miller,PIT,WR,26,437,3
Zach Wilson,DEN,QB,24,435,3
Salvon Ahmed,MIA,RB,25,434,3
Eno Benjamin,NOS,RB,25,427,3
DeeJay Dallas,ARI,RB,25,418,3
Mac Jones,JAC,QB,25,414,3
Julius Chestnut,TEN,RB,23,412,3
Jaelon Darden,CLE,WR,25,412,3
Kene Nwangwu,MIN,RB,26,407,3
Harrison Bryant,LVR,TE,26,403,3
Jarrett Stidham,DEN,QB,27,379,3
Andrew Ogletree,IND,TE,25,376,3
Olamide Zaccheaus,WAS,WR,27,376,3
Royce Freeman,DAL,RB,28,372,3
Hunter Long,LAR,TE,25,372,3
Danny Gray,SFO,WR,25,371,3
Lil'Jordan Humphrey,DEN,WR,26,366,3
Tyler Huntley,CLE,QB,26,354,2
Josh Oliver,MIN,TE,27,353,2
KaVontae Turpin,DAL,WR,27,344,2
Dalvin Cook,BAL,RB,28,340,2
Desmond Ridder,ARI,QB,24,328,2
Trenton Irwin,CIN,WR,28,328,2
Josh Whyle,TEN,TE,24,309,2
Isaiah McKenzie,NYG,WR,29,306,2
Braxton Berrios,MIA,WR,28,298,2
Cam Akers,FA,RB,25,297,2
Ben Skowronek,HOU,WR,27,289,2
Michael Thomas,FA,WR,31,279,2
Drew Sample,CIN,TE,28,277,2
Tyler Goodson,IND,RB,23,260,2
Mack Hollins,BUF,WR,30,236,1
Samori Toure,GBP,WR,26,220,1
Richie James,KCC,WR,29,211,1
Austin Hooper,NEP,TE,29,207,1
Jimmy Garoppolo,LAR,QB,32,202,1
Malik Willis,TEN,QB,25,195,1
Joshua Dobbs,SFO,QB,29,180,1
Malik Cunningham,BAL,QB,25,180,1
Michael Pratt,GBP,QB,22,179,1
Davis Mills,HOU,QB,25,178,1
Mason Rudolph,TEN,QB,29,178,1
Taylor Heinicke,ATL,QB,31,178,1
Tyson Bagent,CHI,QB,24,176,1
Bailey Zappe,NEP,QB,25,176,1
Tommy DeVito,NYG,QB,25,176,1
Kyle Trask,TBB,QB,26,173,1
Stetson Bennett,LAR,QB,26,172,1
Velus Jones,CHI,WR,27,171,1
Tyrod Taylor,NYJ,QB,34,169,1
Joe Flacco,IND,QB,39,165,1
Mitchell Trubisky,BUF,QB,29,163,1
Anthony McFarland,FA,RB,25,157,1
Joe Milton,NEP,QB,24,155,0
Charlie Kolar,BAL,TE,25,149,0
Tanner Hudson,CIN,TE,29,144,0
Jake Haener,NOS,QB,25,56,0
